information,example,how_to_capture_via_imap,how_to_extract_or_parse,what_it_is,why_or_when_useful,availability,notes
UID,12345,UID FETCH 12345 (UID),Read the numeric UID returned by the server,Mailbox-local stable identifier assigned by IMAP,"Incremental sync, deduplication within a mailbox, change tracking",Very easy,Core IMAP metadata
Sequence number,427,FETCH 427 (UID),Use the message sequence number in the FETCH response,Transient position of a message in the currently selected mailbox,Useful only during the current IMAP session; do not persist as a durable ID,Very easy,Can change when mailbox contents change
FLAGS,\Seen \Answered \Flagged,UID FETCH 12345 (FLAGS),Parse the FLAGS list,"IMAP state flags such as seen, answered, flagged, deleted and draft","Read rate, reply rate, starred/flagged rate, mailbox-state statistics",Very easy,Provider/user-defined keywords may also appear
INTERNALDATE,02-Oct-2026 07:21:18 +0000,UID FETCH 12345 (INTERNALDATE),Parse IMAP INTERNALDATE as a timezone-aware timestamp,Server-side date/time associated with delivery/storage of the message,"Volume by hour/day/week, mailbox chronology, comparison with sender Date",Very easy,Generally better than Date for mailbox arrival chronology
RFC822.SIZE,184532,UID FETCH 12345 (RFC822.SIZE),Parse integer byte count,Approximate full RFC message size in bytes,"Average message size, large-message detection, storage statistics",Very easy,Includes headers/body/attachments as encoded
ENVELOPE Date,"Fri, 2 Oct 2026 08:18:04 +0100",UID FETCH 12345 (ENVELOPE),Parse the first ENVELOPE field,Parsed Date header supplied by the sender,Sender-time statistics and comparison with INTERNALDATE,Very easy,Sender-controlled and may be inaccurate
Subject,Quarterly invoice,UID FETCH 12345 (ENVELOPE) or BODY.PEEK[HEADER.FIELDS (SUBJECT)],Decode RFC 2047 encoded words where necessary,Message subject,"Topic analysis, subject-length stats, thread heuristics, classification",Very easy,ENVELOPE is usually sufficient
From,Alice Example <alice@example.com>,UID FETCH 12345 (ENVELOPE) or BODY.PEEK[HEADER.FIELDS (FROM)],Parse mailbox/name/address fields; normalize domain casing,Author/sender identity from the From header,"Top senders, sender-domain concentration, internal/external ratios",Very easy,A message can contain multiple From addresses in unusual cases
Sender,mailer@example.net,BODY.PEEK[HEADER.FIELDS (SENDER)],Parse as an RFC mailbox,Agent that actually sent the message when different from From,Automated platform identification and delegated-sender analysis,Easy,Often absent
Reply-To,support@example.com,BODY.PEEK[HEADER.FIELDS (REPLY-TO)],Parse one or more mailboxes,Address replies should be directed to,"Detecting platforms, aliases and From/Reply-To mismatch",Easy,Often absent
To,"bob@example.org, team@example.org",UID FETCH 12345 (ENVELOPE) or BODY.PEEK[HEADER.FIELDS (TO)],Parse all recipients,Primary recipients listed in the message,"Recipient counts, direct-mail analysis, communication-network stats",Very easy,Does not necessarily reveal SMTP envelope recipients
Cc,manager@example.org,UID FETCH 12345 (ENVELOPE) or BODY.PEEK[HEADER.FIELDS (CC)],Parse all Cc recipients,Carbon-copy recipients,"CC rate, recipient breadth, direct-vs-copied analysis",Very easy,May be empty
Bcc,audit@example.org,UID FETCH 12345 (ENVELOPE) or BODY.PEEK[HEADER.FIELDS (BCC)],Parse if present,Bcc header retained in the stored message,Occasional recipient statistics,Easy but rarely populated,"Usually removed during delivery, so often unavailable"
Message-ID,<20261002071804.12345@example.com>,UID FETCH 12345 (ENVELOPE) or BODY.PEEK[HEADER.FIELDS (MESSAGE-ID)],Trim whitespace; retain canonical bracketed value,Sender-generated identifier for the message,"Cross-folder/provider deduplication, threading, uniqueness statistics",Very easy,"Not guaranteed unique or even present, though normally available"
In-Reply-To,<previous@example.com>,UID FETCH 12345 (ENVELOPE) or BODY.PEEK[HEADER.FIELDS (IN-REPLY-TO)],Extract referenced Message-ID(s),Identifies the message being replied to,"Conversation linkage, reply rates, thread reconstruction",Very easy,Absent for root messages
References,<root@example.com> <previous@example.com>,BODY.PEEK[HEADER.FIELDS (REFERENCES)],Tokenize referenced Message-IDs in order,Chain of ancestor Message-IDs,"Thread depth, conversation reconstruction, messages-per-thread metrics",Easy,One of the most useful threading headers
BODYSTRUCTURE,multipart/mixed: text/plain + text/html + application/pdf,UID FETCH 12345 (BODYSTRUCTURE),"Recursively parse MIME parts, types, parameters, encodings and sizes",Server-provided structural description of the MIME message,"Attachment rate/count, HTML-vs-text rate, MIME-type distribution",Very easy,Does not require downloading MIME part contents
Attachment filename,invoice-2026-10.pdf,UID FETCH 12345 (BODYSTRUCTURE),Read filename/name parameters from MIME part disposition/type,Declared filename of a MIME part,"Attachment-type statistics, filename-extension analysis",Easy,"Filename can be missing, malformed or encoded"
Attachment MIME type,application/pdf,UID FETCH 12345 (BODYSTRUCTURE),Combine part media type and subtype,Declared content type of a MIME part,PDF/image/document/calendar attachment distributions,Very easy,Declared type may not match actual file bytes
Attachment encoded size,182304,UID FETCH 12345 (BODYSTRUCTURE),Read the MIME part octet size from BODYSTRUCTURE,Size reported for an individual MIME part,Attachment-size distributions and large-attachment statistics,Easy,Exact semantics can depend on MIME encoding/part type
MIME part count,4,UID FETCH 12345 (BODYSTRUCTURE),Recursively count leaf MIME parts,Number of individual MIME entities in the message,"Complexity metrics, inline-image/attachment prevalence",Easy,Derived locally from BODYSTRUCTURE
Top-level Content-Type,multipart/mixed; boundary=abc123,BODY.PEEK[HEADER.FIELDS (CONTENT-TYPE)] or BODYSTRUCTURE,Parse media type and parameters,Top-level MIME content type,HTML/plain/multipart/calendar/message-format statistics,Very easy,BODYSTRUCTURE normally provides richer information
Content-Disposition,attachment; filename=invoice.pdf,BODYSTRUCTURE or selective MIME-part header fetch,Parse disposition and parameters,"Whether MIME content is inline, attachment, etc.",Attachment-vs-inline statistics,Easy,Best obtained through BODYSTRUCTURE for each part
Content-Language,en-GB,BODY.PEEK[HEADER.FIELDS (CONTENT-LANGUAGE)],Split language tags,Declared language(s) of the content,Language distribution where populated,Easy but sparse,Many messages omit it
Return-Path,<bounce+123@example.net>,BODY.PEEK[HEADER.FIELDS (RETURN-PATH)],Parse mailbox/path value,Recorded envelope-return/bounce address added during delivery,"Sending-platform/domain analysis, bounce-system identification",Easy,Semantics depend on receiving system
Delivered-To,user+sales@gmail.com,BODY.PEEK[HEADER.FIELDS (DELIVERED-TO)],Parse address; provider may add several instances,Mailbox or alias to which a provider says it delivered the message,Alias usage and mailbox-routing statistics,Provider-dependent,Not standardized consistently across providers
Received,"from mx1.example.net ...; Fri, 2 Oct 2026 07:20:55 +0000",BODY.PEEK[HEADER.FIELDS (RECEIVED)],Preserve all occurrences and parse hops/timestamps carefully,Trace headers added by mail servers along the delivery path,"Transit-time estimates, route/hop counts, infrastructure/domain stats",Easy to fetch; harder to analyze,Multiple headers; untrusted earlier hops may be forged
Authentication-Results,mx.google.com; dkim=pass; spf=pass; dmarc=pass,BODY.PEEK[HEADER.FIELDS (AUTHENTICATION-RESULTS)],Parse method=result pairs and authserv-id,Receiving system's recorded email-authentication outcomes,SPF/DKIM/DMARC pass/fail rates and suspicious-mail statistics,Provider-dependent but common,"Trust the header added by the authoritative receiving system, not arbitrary copies"
Received-SPF,pass (google.com: domain ... designates ...),BODY.PEEK[HEADER.FIELDS (RECEIVED-SPF)],Parse result token and optional details,SPF evaluation recorded by a receiving server,SPF pass/fail statistics when Authentication-Results is unavailable,Provider-dependent,Less comprehensive than Authentication-Results
DKIM-Signature d=,example.com,BODY.PEEK[HEADER.FIELDS (DKIM-SIGNATURE)],"Parse DKIM tag-value pairs; extract d= and optionally s=, a=",Domain claiming responsibility for the DKIM signature,Signing-domain concentration and platform/security statistics,Easy,Presence does not mean the signature validated
DKIM selector,s2026,BODY.PEEK[HEADER.FIELDS (DKIM-SIGNATURE)],Extract s= from DKIM tag-value pairs,DNS selector used for DKIM key lookup,Mail-infrastructure/provider migration statistics,Easy,Most useful at scale
List-ID,Example Newsletter <newsletter.example.com>,BODY.PEEK[HEADER.FIELDS (LIST-ID)],Parse display text and list identifier,Identifier for a mailing list,"Newsletter/list volume, top-list statistics, bulk-mail categorization",Easy,Strong signal when present
List-Unsubscribe,"<mailto:unsubscribe@example.com>, <https://example.com/unsub/123>",BODY.PEEK[HEADER.FIELDS (LIST-UNSUBSCRIBE)],Parse URI values,Mechanisms offered for unsubscribing from a list,Newsletter/bulk-mail detection and unsubscribe-capability statistics,Easy,Common in legitimate bulk mail
List-Unsubscribe-Post,List-Unsubscribe=One-Click,BODY.PEEK[HEADER.FIELDS (LIST-UNSUBSCRIBE-POST)],Check for One-Click token,Indicates RFC-style one-click list unsubscribe support,One-click unsubscribe adoption statistics,Easy,Only relevant for mailing-list/bulk messages
List-Post,<mailto:list@example.com>,BODY.PEEK[HEADER.FIELDS (LIST-POST)],Parse URI(s),How to submit messages to a mailing list,Mailing-list identification and classification,Easy but sparse,Often absent from commercial newsletters
Auto-Submitted,auto-generated,BODY.PEEK[HEADER.FIELDS (AUTO-SUBMITTED)],"Normalize token such as no, auto-generated or auto-replied",Indicates automatically generated/submitted mail,Automated-message and autoresponder rates,Easy,Useful standardized automation signal
Precedence,bulk,BODY.PEEK[HEADER.FIELDS (PRECEDENCE)],Normalize token,"Legacy/non-standard signal such as bulk, list or junk",Bulk/list classification statistics,Easy but inconsistent,Not a reliable signal on its own
X-Mailer,Microsoft Outlook 16.0,BODY.PEEK[HEADER.FIELDS (X-MAILER)],Store normalized product string,Non-standard header identifying sending software,Mail-client/software distribution,Easy but sparse,Can be absent or spoofed
User-Agent,Mozilla Thunderbird 128.0,BODY.PEEK[HEADER.FIELDS (USER-AGENT)],Store normalized product string,Alternative header identifying composing/sending software,Mail-client/software distribution,Easy but sparse,More common in some clients than others
Importance,high,BODY.PEEK[HEADER.FIELDS (IMPORTANCE)],Normalize high/normal/low,Declared importance level,Priority-tag usage statistics,Easy but sparse,Sender-controlled
Priority,urgent,BODY.PEEK[HEADER.FIELDS (PRIORITY)],Normalize value,Declared message priority,Priority-tag usage statistics,Easy but sparse,Different clients use different headers
X-Priority,1 (Highest),BODY.PEEK[HEADER.FIELDS (X-PRIORITY)],Parse numeric priority where possible,Legacy/non-standard priority indicator,Priority statistics across legacy clients,Easy but sparse,Usually 1-5 when present
Organization,Example Ltd,BODY.PEEK[HEADER.FIELDS (ORGANIZATION)],Decode header text,Optional organization declared by sender/client,Organization statistics in datasets where populated,Easy but very sparse,Non-standard and not trustworthy for identity
Gmail X-GM-MSGID,1842456789012345678,UID FETCH 12345 (X-GM-MSGID),Parse unsigned 64-bit identity and serialize as decimal text; never a floating-point number,Gmail-specific globally stable message identifier,Reliable Gmail-side deduplication and API/IMAP correlation,Very easy on Gmail,Requires Gmail IMAP extension
Gmail X-GM-THRID,1842456000012345678,UID FETCH 12345 (X-GM-THRID),Parse unsigned 64-bit identity and serialize as decimal text; never a floating-point number,Gmail's native conversation/thread identifier,Thread counts and messages-per-thread without reconstructing References,Very easy on Gmail,Requires Gmail IMAP extension
Gmail X-GM-LABELS,\Inbox \Important Work,UID FETCH 12345 (X-GM-LABELS),Parse Gmail label list and modified UTF-7/UTF-8 as appropriate,Gmail labels associated with a message,Inbox/category/workflow/label distribution statistics,Very easy on Gmail,Requires Gmail IMAP extension
Derived sender domain,example.com,From/Sender,Use the first valid From address in header order otherwise Sender; lowercase its domain,Domain component of sender identity,"Top domains, internal-vs-external mail, concentration metrics",Very easy,Derived field
Derived recipient count,6,To + Cc (+ Bcc if actually present),Count normalized unique recipient mailboxes,Number of visible recipients,"Distribution-list behavior, broad-vs-direct communication",Very easy,Visible headers do not reveal hidden SMTP recipients
Derived attachment count,2,BODYSTRUCTURE,Count non-multipart parts with attachment disposition or a filename and no inline disposition,Number of attachments in a message,Attachment rate and attachments-per-message statistics,Very easy,Classification requires a consistent heuristic
Derived thread depth,5,References,Count ordered valid References Message-ID tokens; use zero when absent,Approximate depth of a reply chain,Conversation-depth and engagement statistics,Easy,Malformed/missing References can reduce accuracy
Derived delivery delay,00:02:51,Unambiguous Date header + INTERNALDATE,Compute internal_date minus sent_at in milliseconds; null if either timestamp is unavailable,Approximate time between sender timestamp and mailbox arrival,Latency distributions and unusual-delivery detection,Easy to compute; interpret carefully,"Sender clocks/timezones may be wrong, so outliers need care"
Derived read status,read,FLAGS,Check presence of \Seen,Whether IMAP considers the message seen,"Read/unread rates by sender, folder or time period",Very easy,Not equivalent to proving the human actually read it
Derived replied status,replied,FLAGS,Check presence of \Answered,Whether the message has the IMAP answered flag,Reply-rate statistics,Very easy,Clients/providers do not always maintain it perfectly
Derived mailing-list/bulk signal,newsletter,List-ID + List-Unsubscribe + Precedence + Auto-Submitted,Combine multiple headers into a documented classification rule,Locally-derived indicator that a message is list/bulk/automated mail,"Newsletter share, automated-vs-personal volume, sender segmentation",Easy,Use multiple signals rather than treating one header as definitive
