feature_id,area,capability,requirement,priority,platform
account.multiple,Accounts,Multiple accounts,"Keep each account's analytical files and temporary artifacts in its own stable subfolder, such as account1 or account3; isolate shared Core Data rows by accountID.",must,macOS+iOS
account.settings,Accounts,Account settings,Persist non-secret per-account configuration in the application-local Core Data store; UserDefaults is not an account data store.,must,macOS+iOS
account.secrets,Accounts,Credential storage,"Store passwords, OAuth tokens, and other account secrets in Keychain; never write secrets to account files, logs, or exports.",must,macOS+iOS
settings.global,Accounts,Global preferences,"Do not introduce UserDefaults until a truly global, non-sensitive, device-local preference is identified; if needed, keep it outside account and workflow state.",should,macOS+iOS
auth.keychain-headless,Authentication,Headless Keychain access,"Configure Keychain access groups and item accessibility so an authorized signed macOS CLI, launchd service, or non-interactive SSH session can read credentials without an unexpected GUI prompt; fail deterministically when the Keychain is unavailable or locked.",must,macOS
auth.imap-password,Authentication,IMAP credentials,Support standards-based IMAP authentication for servers that permit username and password credentials.,should,macOS+iOS
auth.oauth2,Authentication,OAuth 2.0,Support OAuth 2.0 authorization and token refresh for IMAP providers that require it.,must,macOS+iOS
auth.gmail,Authentication,Gmail,Provide a Gmail account setup flow using Google's supported OAuth scopes and IMAP authentication mechanism.,must,macOS+iOS
auth.provider-extensibility,Authentication,Provider extensibility,Keep provider-specific authorization separate from the generic IMAP client so additional major providers can be added.,should,macOS+iOS
imap.status,IMAP,Mailbox status,Read mailbox message count and aggregate size information when exposed by the server.,should,macOS+iOS
imap.search,IMAP,Message discovery,"Search a mailbox by date range and return stable message UIDs, not sequence numbers, for sync planning.",must,macOS+iOS
imap.headers,IMAP,Header fetch,"Fetch selected RFC message headers, flags, internal date, size, UID, and provider metadata without downloading message bodies.",must,macOS+iOS
imap.bodystructure,IMAP,MIME structure,Fetch BODYSTRUCTURE independently of message content so callers can inspect available body parts and attachments.,must,macOS+iOS
imap.fetch-uid,IMAP,UID fetch,Fetch an individual message or MIME part by mailbox and UID.,must,macOS+iOS
imap.fetch-sequence,IMAP,Sequence-number fetch,Allow sequence-number fetches for immediate low-level operations but do not use sequence numbers as durable identifiers.,could,macOS+iOS
imap.gmail-identity,IMAP,Gmail cross-label identity,"Keep account mailbox UIDVALIDITY and UID as the fetch identity, and use account plus X-GM-MSGID as a separate correlation key for the same Gmail message exposed under multiple labels.",must,macOS+iOS
sync.initial,Sync,Initial metadata sync,Discover and download headers and metadata without downloading full message bodies.,must,macOS+iOS
sync.refresh,Sync,Incremental refresh,"Refresh local metadata for new, changed, moved, and expunged messages while minimizing network traffic.",must,macOS+iOS
sync.cursor,Sync,Durable sync cursor,"Record per-account and per-mailbox checkpoints, including UIDVALIDITY and the highest observed UID or equivalent capability-specific state.",must,macOS+iOS
sync.reconcile,Sync,Mailbox reconciliation,Invalidate or reconcile local state safely when server identity or UIDVALIDITY changes.,must,macOS+iOS
sync.interruption,Sync,Interruption recovery,Resume an interrupted sync without silently skipping work or unnecessarily repeating completed downloads.,must,macOS+iOS
workflow.database,Workflow,Offline workflow store,Use one offline Core Data SQLite persistent store for accounts sync plans tasks attempts dependencies checkpoints and progress.,must,macOS+iOS
workflow.lifecycle,Workflow,Task lifecycle,"Track pending, running, blocked, completed, failed, and cancelled task states.",must,macOS+iOS
workflow.retry,Workflow,Retry policy,Record retryable failures and schedule bounded retries with backoff while preserving the underlying error.,must,macOS+iOS
workflow.audit,Workflow,Task audit trail,Retain task attempts status transitions timestamps and diagnostic summaries for troubleshooting.,should,macOS+iOS
workflow.progress,Workflow,Progress reporting,Expose account mailbox and overall sync progress to library clients and the CLI.,should,macOS+iOS
workflow.period,Workflow,Period orchestration,"Coordinate UID discovery metadata fetch per-email transformation DuckDB projection and Parquet archival for a UTC period, normally one calendar month.",must,macOS+iOS
workflow.fanout,Workflow,Durable per-email fan-out,Create idempotent persisted fetch and processing tasks for every discovered mailbox UID and run independent email work with bounded parallelism.,must,macOS+iOS
workflow.stage-gates,Workflow,Stage completion gates,Start period export only after all required per-email processing is terminal and start Parquet archival only after DuckDB projection is complete and verified.,must,macOS+iOS
storage.account-layout,Storage,Account layout,Place DuckDB Parquet exports intermediate files and temporary content beneath the owning account subfolder; account and workflow rows live in one shared application-local Core Data store with logical account isolation.,must,macOS+iOS
storage.parquet,Storage,Parquet metadata,"Store normalized message headers and metadata in Parquet with one logical file per account, mailbox, and calendar month.",must,macOS+iOS
storage.duckdb-hot,Storage,DuckDB hot store,"Keep recent unarchived headers and metadata in a mutable DuckDB database beneath each account folder, normally covering the open UTC calendar month, so frequent refreshes and queries do not rewrite Parquet.",must,macOS+iOS
storage.monthly-archive,Storage,Monthly archive,"After a full UTC calendar month closes, transactionally move its live rows into durable queryable exporting snapshots; delete exporting rows only after verified atomic Parquet publication and manifest commit.",must,macOS+iOS
storage.archive-overlay,Storage,Archived-month corrections,"Record changes and tombstones for already archived messages in a DuckDB overlay, merge that overlay when querying, and compact affected Parquet partitions atomically according to policy.",must,macOS+iOS
storage.partition-key,Storage,Monthly partitioning,"Choose canonical email_date once per mailbox message identity from UTC INTERNALDATE, then an unambiguous Date header, then the first metadata_fetched_at; retain that timestamp and its YYYY-MM partition across refreshes.",must,macOS+iOS
storage.atomicity,Storage,Atomic publication,Write or replace Parquet partitions atomically so interruption cannot expose a partially written file.,must,macOS+iOS
storage.schema,Storage,Schema evolution,"Version the metadata schema, preserve compatibility or provide an explicit migration path, and keep core columns identical between DuckDB and Parquet.",must,macOS+iOS
storage.schema-placement,Storage,Core and extension fields,"Represent stable shared and frequently queried fields as core columns that always exist, while provider-specific customer-specific and evolving values use a stable extensions envelope: JSON in DuckDB and MAP<STRING, STRING> with canonical JSON values in Parquet.",must,macOS+iOS
storage.parquet-engine,Storage,Embedded Parquet engine,"Embed a Parquet-capable native engine, expected to be DuckDB, and keep its C++ bridge or other FFI free of unsupported dynamic dependencies; compile and link it in CI for macOS and iOS arm64 device and simulator targets.",must,macOS+iOS
content.fetch,On-demand content,Message fetch,Download a complete message by account mailbox and UID only when explicitly requested.,must,macOS+iOS
content.parts,On-demand content,Selective MIME fetch,Download selected text HTML or attachment MIME parts without requiring the complete message when the server supports it.,should,macOS+iOS
content.transform,On-demand content,Content extraction,Extract text HTML and attachment metadata from downloaded MIME content.,should,macOS+iOS
content.markdown,On-demand content,HTML to Markdown,Optionally convert an HTML body to Markdown for downstream processing.,could,macOS+iOS
content.temporary,On-demand content,Temporary retention,Treat downloaded bodies and attachments as disposable cached artifacts that can be removed after use or by a cleanup policy.,must,macOS+iOS
processing.pipeline,Processing,Durable transformation pipeline,Process each email through a versioned code-defined dependency graph and persist every instantiated step state and output in Core Data.,must,macOS+iOS
processing.resume,Processing,Crash recovery,Resume incomplete email processing after termination without rerunning still-valid completed steps.,must,macOS+iOS
processing.parallel,Processing,Bounded parallelism,Run independent ready transformations concurrently with bounded limits for local CPU I/O and network work.,must,macOS+iOS
processing.reuse,Processing,Result reuse,Reuse successful persisted results only when email identity step version input fingerprint and output schema remain compatible.,must,macOS+iOS
processing.transformers,Processing,Transformer registry,"Require uniquely named strongly typed Swift transformers, inject the complete registry at library initialization, and persist each exact transformer name for crash recovery.",must,macOS+iOS
processing.duckdb-export,Processing,DuckDB analytical projection,Export stable terminal processing results from authoritative Core Data into DuckDB using versioned idempotent transactional upserts.,must,macOS+iOS
processing.export-checkpoint,Processing,Durable export checkpoint,Track each result source version export state attempts lease exported version and exported timestamp in Core Data.,must,macOS+iOS
processing.export-recovery,Processing,Dual-store recovery,Replay an expired Core Data export claim safely when DuckDB may have committed before Core Data acknowledged it.,must,macOS+iOS
export.csv,Export,CSV export,Export a selected metadata scope or date range to CSV without requiring full message downloads.,must,macOS+iOS
export.json,Export,JSON export,Export a selected metadata scope or date range to JSON without requiring full message downloads.,must,macOS+iOS
library.async,Library API,Swift concurrency,Expose cancellable asynchronous operations compatible with Swift concurrency.,must,macOS+iOS
library.observability,Library API,Structured events,Expose structured progress warnings and errors without leaking message content or credentials.,should,macOS+iOS
cli.accounts,CLI,Account commands,Provide commands to configure list inspect and remove account configurations.,must,macOS
cli.sync,CLI,Sync commands,Provide commands to plan start resume inspect and refresh metadata synchronization.,must,macOS
cli.fetch,CLI,Fetch commands,Provide commands to fetch selected messages or MIME parts on demand and clean up temporary content.,must,macOS
cli.export,CLI,Export commands,Provide commands to export metadata to CSV or JSON.,must,macOS
cli.automation,CLI,Automation contract,"Support deterministic machine-readable output, meaningful exit statuses, and non-interactive operation.",should,macOS
query.constrained,Query API,Constrained analytics DSL,"Accept JSON query structure and a small literal-free expression language, validate against an allow-list, and compile only parameterized DuckDB SQL.",must,macOS+iOS
query.logical-datasets,Query API,Logical analytical datasets,Query fixed logical email and processing-result datasets combining DuckDB live rows queryable exporting snapshots Parquet archives and correction overlays with version deduplication and tombstones.,must,macOS+iOS
query.aggregates,Query API,Counts and statistics,Support first-class count and allow-listed statistics including min max avg stddev median quantile and approximate distinct.,must,macOS+iOS
