stage_id,task_kind,scope,depends_on,fan_out,executor,durable_success_condition,applies_when
period.plan,period.plan,account+mailbox+period,,one per plan,Workflow coordinator,UTC period boundaries mailbox scope and deterministic task identities are persisted,always
uid.discover,imap.discover-uids,mailbox+period,period.plan,one or more pages per mailbox,IMAP client,This page cursor and its child tasks commit atomically; the discovery stage completes only after the final page is consumed,always
metadata.fetch,imap.fetch-metadata,message emitted by one committed discovery page,uid.discover,one per account+mailbox+UIDVALIDITY+UID,IMAP client,Normalized metadata file locator schema fingerprint and export checkpoint are persisted without body bytes,always
email.process,email.process,message,metadata.fetch,one per message,EmailProcessingPipeline,The linked job is succeeded or succeededWithWarnings with all instantiated steps terminal; required failure blocks the included message,always
duckdb.export-period,duckdb.export-period,account+mailbox+period,email.process,configurable batches,DuckDBExporter,All eligible metadata and stable processing source versions for the period are transactionally upserted and acknowledged,always
duckdb.verify-period,duckdb.verify-period,account+mailbox+period,duckdb.export-period,one per partition,DuckDBExporter,Expected message and processing-result keys are present at equal or newer source versions and no export claims remain pending,always
parquet.claim,parquet.claim-period,account+mailbox+period,duckdb.verify-period,one per dataset and partition,Parquet archiver,Eligible rows are moved to queryable immutable exporting snapshots with dataset-specific manifests,complete closed UTC calendar month
parquet.write,parquet.write-period,archive batch,parquet.claim,one per archive batch,Parquet archiver,Temporary Parquet output is complete with the expected schema version and row counts,complete closed UTC calendar month
parquet.publish,parquet.publish-period,archive batch,parquet.write,one per archive batch,Parquet archiver,Verified Parquet output is atomically published and manifest state is published with its path digest and verified file row count,complete closed UTC calendar month
parquet.finalize,parquet.finalize-period,archive batch,parquet.publish,one per archive batch,Parquet archiver,Exporting rows are deleted in the same DuckDB transaction that marks the archive manifest committed,complete closed UTC calendar month
period.complete,period.complete,account+mailbox+period,duckdb.verify-period;parquet.finalize when instantiated,one per plan,Workflow coordinator,Every applicable stage is complete counters reconcile and SyncPeriodCheckpoint is persisted,always
