field_id,entity,field,core_data_type,required,default_value,indexes,uniqueness_group,relationship,description
processing_job.id,EmailProcessingJob,id,UUID,yes,,job_id,job_id,,Stable job identifier
processing_job.account_id,EmailProcessingJob,accountID,String,yes,,job_identity;account_email_date,job_identity,,Stable account identifier and first-class query field
processing_job.mailbox_id,EmailProcessingJob,mailboxID,String,yes,,job_identity,job_identity,,Stable mailbox identifier because an IMAP UID is mailbox-local
processing_job.uid_validity,EmailProcessingJob,uidValidity,Integer 64,yes,,job_identity,job_identity,,IMAP UIDVALIDITY paired with the UID
processing_job.email_uid,EmailProcessingJob,emailUID,Integer 64,yes,,job_identity;account_uid,job_identity,,IMAP UID and first-class query field
processing_job.email_date,EmailProcessingJob,emailDate,Date,yes,,account_email_date;email_date,,,Normalized UTC message date used for efficient date-range queries
processing_job.pipeline_id,EmailProcessingJob,pipelineID,String,yes,email-processing-v1,job_identity,job_identity,,Stable code-defined pipeline identifier
processing_job.pipeline_version,EmailProcessingJob,pipelineVersion,Integer 32,yes,1,job_identity,job_identity,,Version of the pipeline graph and completion rules
processing_job.input_fingerprint,EmailProcessingJob,inputFingerprint,String,yes,,job_identity,job_identity,,Digest of the source inputs relevant to the pipeline
processing_job.state,EmailProcessingJob,state,String,yes,pending,job_state,,,Raw job-state enum
processing_job.required_step_count,EmailProcessingJob,requiredStepCount,Integer 32,yes,0,,,,Number of required steps instantiated for this job
processing_job.completed_required_step_count,EmailProcessingJob,completedRequiredStepCount,Integer 32,yes,0,,,,Required steps in a successful or valid reused state
processing_job.failed_optional_step_count,EmailProcessingJob,failedOptionalStepCount,Integer 32,yes,0,,,,Optional steps that exhausted retries
processing_job.created_at,EmailProcessingJob,createdAt,Date,yes,,created_at,,,Creation timestamp
processing_job.updated_at,EmailProcessingJob,updatedAt,Date,yes,,updated_at,,,Last durable state-change timestamp
processing_job.started_at,EmailProcessingJob,startedAt,Date,no,,,,,First execution timestamp
processing_job.completed_at,EmailProcessingJob,completedAt,Date,no,,completed_at,,,Terminal completion timestamp
processing_job.steps,EmailProcessingJob,steps,To-many EmailProcessingStep,yes,[],,,one-to-many; inverse=job; delete=cascade,Instantiated transformation steps and their persisted outputs
processing_step.id,EmailProcessingStep,id,UUID,yes,,step_id,step_id,,Stable step-result identifier
processing_step.job,EmailProcessingStep,job,To-one EmailProcessingJob,yes,,,,many-to-one; inverse=steps,Owning email-processing job
processing_step.job_id,EmailProcessingStep,jobID,UUID,yes,,step_identity,step_identity,,Denormalized job ID used by the Core Data uniqueness constraint
processing_step.step_id,EmailProcessingStep,stepID,String,yes,,step_identity;step_state,step_identity,,Stable code-defined transformation identifier
processing_step.transformer_name,EmailProcessingStep,transformerName,String,yes,,transformer_name;result_reuse,,,Exact unique registry name used to resolve the transformer after restart
processing_step.step_version,EmailProcessingStep,stepVersion,Integer 32,yes,1,result_reuse,,,Version declared by the registered transformer implementation
processing_step.is_required,EmailProcessingStep,isRequired,Boolean,yes,true,,,,Whether final job success requires this step
processing_step.execution_kind,EmailProcessingStep,executionKind,String,yes,local,,,,Raw execution classification: local cpu io or network
processing_step.state,EmailProcessingStep,state,String,yes,pending,step_state;retry_due,,,Raw step-state enum
processing_step.official_status,EmailProcessingStep,officialStatus,String,no,,official_status,,,Library-defined transformer outcome: succeeded retry failed or skipped
processing_step.custom_status,EmailProcessingStep,customStatus,String,no,,custom_status,,,Optional transformer-defined status for diagnostics and reporting only
processing_step.status_message,EmailProcessingStep,statusMessage,String,no,,,,,Optional human-readable message returned by the transformer
processing_step.attempt_count,EmailProcessingStep,attemptCount,Integer 32,yes,0,,,,Number of attempts claimed
processing_step.maximum_attempts,EmailProcessingStep,maximumAttempts,Integer 32,yes,1,,,,Maximum attempts including the first attempt
processing_step.next_attempt_at,EmailProcessingStep,nextAttemptAt,Date,no,,retry_due,,,Earliest retry time after backoff
processing_step.lease_owner,EmailProcessingStep,leaseOwner,String,no,,,,,Identifier of the process currently executing the step
processing_step.lease_expires_at,EmailProcessingStep,leaseExpiresAt,Date,no,,expired_lease,,,Deadline after which a running step may be reclaimed
processing_step.input_fingerprint,EmailProcessingStep,inputFingerprint,String,yes,,result_reuse,,,Digest of the exact inputs consumed by this step
processing_step.idempotency_key,EmailProcessingStep,idempotencyKey,String,yes,,idempotency_key,idempotency_key,,Stable key supplied to idempotent external side effects
processing_step.output_encoding,EmailProcessingStep,outputEncoding,String,no,,,,,Raw enum such as json binary utf8 or none
processing_step.output_schema_version,EmailProcessingStep,outputSchemaVersion,Integer 32,no,,,,,Version used to decode outputData
processing_step.output_data,EmailProcessingStep,outputData,Binary Data,no,,,,,Persisted transformation output; enable external binary storage for larger values
processing_step.reused_from,EmailProcessingStep,reusedFrom,To-one EmailProcessingStep,no,,,,self-reference; delete=nullify,Earlier successful compatible result reused by this step
processing_step.failure_code,EmailProcessingStep,failureCode,String,no,,failure_code,,,Stable machine-readable failure code
processing_step.failure_message,EmailProcessingStep,failureMessage,String,no,,,,,Sanitized diagnostic message without credentials or unnecessary message content
processing_step.failure_is_retryable,EmailProcessingStep,failureIsRetryable,Boolean,yes,false,,,,Whether policy permits another attempt
processing_step.created_at,EmailProcessingStep,createdAt,Date,yes,,,,,Step creation timestamp
processing_step.updated_at,EmailProcessingStep,updatedAt,Date,yes,,updated_at,,,Last durable state-change timestamp
processing_step.started_at,EmailProcessingStep,startedAt,Date,no,,,,,Most recent attempt start timestamp
processing_step.finished_at,EmailProcessingStep,finishedAt,Date,no,,,,,Successful skipped or final-failure timestamp
processing_step.export_state,EmailProcessingStep,exportState,To-one ProcessingResultExportState,no,,,,one-to-one; inverse=step; delete=cascade,Durable downstream-export checkpoint for this result
result_export.id,ProcessingResultExportState,id,UUID,yes,,result_export_id,result_export_id,,Stable export-state identifier
result_export.step,ProcessingResultExportState,step,To-one EmailProcessingStep,yes,,,,one-to-one; inverse=exportState,Operational result being exported
result_export.step_object_id,ProcessingResultExportState,stepObjectID,URI,yes,,result_export_step,result_export_step,,Permanent Core Data object URI for idempotent lookup and uniqueness
result_export.account_id,ProcessingResultExportState,accountID,String,yes,,result_export_ready;result_export_identity,,,Denormalized account key for efficient batch selection
result_export.mailbox_id,ProcessingResultExportState,mailboxID,String,yes,,result_export_identity,,,Denormalized mailbox key because an IMAP UID is mailbox-local
result_export.uid_validity,ProcessingResultExportState,uidValidity,Integer 64,yes,,result_export_identity,,,Denormalized IMAP UIDVALIDITY
result_export.email_uid,ProcessingResultExportState,emailUID,Integer 64,yes,,result_export_identity,,,Denormalized IMAP UID
result_export.email_date,ProcessingResultExportState,emailDate,Date,yes,,result_export_ready,,,Denormalized canonical UTC email date
result_export.transformer_name,ProcessingResultExportState,transformerName,String,yes,,result_export_identity,,,Persisted transformer lookup and destination-key component
result_export.transformer_version,ProcessingResultExportState,transformerVersion,Integer 32,yes,,result_export_identity,,,Destination-key component and transformer contract version
result_export.source_version,ProcessingResultExportState,sourceVersion,Integer 64,yes,1,result_export_ready,,,Monotonic revision of the stable Core Data step result
result_export.exported_version,ProcessingResultExportState,exportedVersion,Integer 64,no,,,,,Highest sourceVersion acknowledged after a DuckDB commit
result_export.duckdb_schema_version,ProcessingResultExportState,duckDBSchemaVersion,Integer 32,no,,,,,Destination schema version used for the acknowledged export
result_export.state,ProcessingResultExportState,state,String,yes,pending,result_export_ready,,,Raw export state: pending exporting retryWaiting exported or blocked
result_export.batch_id,ProcessingResultExportState,batchID,UUID,no,,result_export_batch,,,Current export batch claim identifier
result_export.attempt_count,ProcessingResultExportState,attemptCount,Integer 32,yes,0,,,,Number of DuckDB export attempts
result_export.maximum_attempts,ProcessingResultExportState,maximumAttempts,Integer 32,yes,5,,,,Retry ceiling before manual intervention
result_export.next_attempt_at,ProcessingResultExportState,nextAttemptAt,Date,no,,result_export_ready,,,Earliest time for the next retry
result_export.lease_owner,ProcessingResultExportState,leaseOwner,String,no,,,,,Exporter process currently owning the claim
result_export.lease_expires_at,ProcessingResultExportState,leaseExpiresAt,Date,no,,result_export_lease,,,Deadline after which an unfinished claim may be replayed
result_export.exported_at,ProcessingResultExportState,exportedAt,Date,no,,result_exported_at,,,Timestamp of the latest acknowledged DuckDB commit
result_export.last_error_code,ProcessingResultExportState,lastErrorCode,String,no,,result_export_error,,,Stable exporter failure code
result_export.last_error_message,ProcessingResultExportState,lastErrorMessage,String,no,,,,,Sanitized exporter diagnostic
result_export.created_at,ProcessingResultExportState,createdAt,Date,yes,,,,,Export-state creation timestamp
result_export.updated_at,ProcessingResultExportState,updatedAt,Date,yes,,result_export_updated,,,Last export-state mutation timestamp
