stage_id,task_kind,scope,depends_on,fan_out,executor,durable_success_condition
period.plan,period.plan,account+mailbox+period,,one per plan,Workflow coordinator,"UTC period boundaries mailbox scope and deterministic task identities are persisted"
uid.discover,imap.discover-uids,mailbox+period,period.plan,one or more pages per mailbox,IMAP client,"All search pages are consumed and one durable metadata.fetch task exists for every discovered UID"
metadata.fetch,imap.fetch-metadata,message,uid.discover,one per account+mailbox+UIDVALIDITY+UID,IMAP client,"Selected headers flags dates sizes BODYSTRUCTURE and provider metadata are durably normalized without body bytes"
email.process,email.process,message,metadata.fetch,one per message,EmailProcessingPipeline,"The linked EmailProcessingJob is terminal and every required transformer result is succeeded or validly reused"
duckdb.export-period,duckdb.export-period,account+mailbox+period,email.process,configurable batches,DuckDBExporter,"All eligible metadata and stable processing source versions for the period are transactionally upserted and acknowledged"
duckdb.verify-period,duckdb.verify-period,account+mailbox+period,duckdb.export-period,one per partition,DuckDBExporter,"Expected message and processing-result keys are present at equal or newer source versions and no export claims remain pending"
parquet.claim,parquet.claim-period,account+mailbox+period,duckdb.verify-period,one per partition,Parquet archiver,"Eligible live rows are transactionally moved to an immutable exporting batch with a manifest"
parquet.write,parquet.write-period,archive batch,parquet.claim,one per archive batch,Parquet archiver,"Temporary Parquet output is complete with the expected schema version and row counts"
parquet.publish,parquet.publish-period,archive batch,parquet.write,one per archive batch,Parquet archiver,"The verified Parquet file is atomically published and its path digest and row count are committed"
parquet.finalize,parquet.finalize-period,archive batch,parquet.publish,one per archive batch,Parquet archiver,"Exporting rows are deleted in the same DuckDB transaction that marks the archive manifest committed"
period.complete,period.complete,account+mailbox+period,parquet.finalize,one per plan,Workflow coordinator,"Every required stage is complete counters reconcile and the final checkpoint is persisted"
