use_case_id,actor,scenario,trigger,input,library_capabilities,expected_result,priority,platform,related_feature_ids
account.add-gmail,App user,Connect a Gmail mailbox for metadata analysis,The user adds a Gmail account,"Email address, OAuth consent",Gmail OAuth setup and Keychain token storage,The account is securely configured and ready to sync,must,macOS+iOS,auth.gmail;auth.oauth2;account.secrets
account.add-imap,App user,Connect a standards-based IMAP account,The user adds a non-Gmail provider,"Host, port, transport security, username, credentials",Generic IMAP configuration and secure credential storage,The account is validated and ready to sync,must,macOS+iOS,auth.imap-password;auth.provider-extensibility;account.settings
account.manage-many,App user,Work with several independent mail accounts,The user switches or compares accounts,Account identifiers and settings,Per-account configuration folders and isolated analytical stores,Operations and queries remain scoped to the selected accounts,must,macOS+iOS,account.multiple;storage.account-layout
account.headless,Operator,Run scheduled mailbox processing without an interactive session,launchd or SSH starts the CLI,Configured account and unlocked authorized Keychain,Headless Keychain access and non-interactive CLI behavior,The job authenticates without unexpected GUI prompts or fails clearly,must,macOS,auth.keychain-headless;cli.automation
sync.month,App user,Ingest one calendar month of mailbox metadata,A month is selected,"Account, mailbox, YYYY-MM",Period planning UID discovery metadata fetch transformation and export,The month becomes queryable in DuckDB and later archived to Parquet,must,macOS+iOS,workflow.period;workflow.fanout;sync.initial
sync.historical-range,Researcher,Backfill a historical date range,The user requests older mail,"Account, mailboxes, UTC start and end",Paged UID discovery and bounded per-email fan-out,All matching metadata is processed without downloading bodies,must,macOS+iOS,imap.search;imap.headers;workflow.fanout
sync.refresh,App user,Refresh recent metadata after new mail or flag changes,The app or scheduler starts an incremental refresh,Existing mailbox checkpoint,Incremental discovery reconciliation and idempotent upserts,New changed moved and expunged messages are reflected locally,must,macOS+iOS,sync.refresh;sync.cursor;sync.reconcile
sync.resume,App user,Continue work after force-quit crash or device restart,The library initializes with unfinished tasks,Persisted workflow and processing state,Expired-lease recovery dependency scheduling and result reuse,Processing resumes without repeating valid completed work,must,macOS+iOS,sync.interruption;processing.resume;processing.reuse
sync.monitor,App or CLI user,Observe a long-running sync and processing run,A period workflow is active,Run identifier,Structured events counters stages warnings and failures,The caller can display progress and diagnose blocked work,should,macOS+iOS,workflow.progress;library.observability
sync.rate-limit,App user,Recover from provider rate limiting or temporary network loss,IMAP returns a transient failure,Failure classification and retry-after data,Persisted bounded backoff and retry scheduling,The workflow pauses and resumes without losing its checkpoint,must,macOS+iOS,workflow.retry;workflow.lifecycle
gmail.labels,Analyst,Correlate one Gmail message exposed through several labels,Gmail returns the same X-GM-MSGID with different UIDs,"Account, mailbox identities, X-GM-MSGID",Mailbox-location keys plus account-wide Gmail correlation,Label copies can be joined without corrupting fetch identity,must,macOS+iOS,imap.gmail-identity
processing.custom-transformer,Library integrator,Add a domain-specific email transformation,The application initializes the library,A uniquely named Swift transformer,Typed transformer registration versioning retries and persisted output,The transformer participates in durable per-email processing,must,macOS+iOS,processing.transformers;processing.pipeline
processing.parallel,Library integrator,Run independent extraction and classification steps concurrently,A fetched message has several ready transformations,Pipeline dependency graph and execution limits,Bounded local CPU I/O and network parallelism,Independent results complete faster while dependencies remain correct,must,macOS+iOS,processing.parallel
processing.retry,Library integrator,Retry a transient transformer failure,A transformer returns retry or throws a classified transient error,Persisted attempts and idempotency key,Bounded backoff with crash-safe replay,The step eventually succeeds or reaches a stable failed state,must,macOS+iOS,processing.pipeline;workflow.retry
processing.optional,Library integrator,Allow useful results when a nonessential transformer fails,An optional step exhausts retries,Requiredness and persisted failure result,Job completion with warnings and exportable failure metadata,Required analytics remain available without hiding the optional failure,should,macOS+iOS,processing.pipeline;processing.duckdb-export
processing.reuse,Library integrator,Reuse an expensive valid transformation in a later run,A matching message is processed again,"Transformer name, version, input fingerprint, output schema",Persisted result compatibility checks and reuse link,The step is marked reused without repeating computation or network calls,must,macOS+iOS,processing.reuse
query.domain-period,Analyst,List messages from a company during a date range,A user searches for correspondence,"Domain, UTC start, UTC end",Constrained email_metadata query with bound variables,"Titles, dates, domains, and mailboxes are returned",must,macOS+iOS,query.constrained;query.logical-datasets
query.domain-monthly,Analyst,Count messages from one company per month,A user requests a yearly trend,"Domain, year",Virtual year and month dimensions with grouped count,A chronological monthly count is returned,must,macOS+iOS,query.aggregates
query.domain-yearly,Analyst,Compare sender-domain volumes by year,A user requests domain trends,Optional account or period filters,Grouped counts over logical live and archived data,Each year and sender domain has a message count,must,macOS+iOS,query.aggregates;query.logical-datasets
query.all-domains,Analyst,Find the most frequent sender domains,A user requests a sender overview,Optional period and account filters,Grouped count ordered by generated count alias,A ranked domain list is returned,must,macOS+iOS,query.constrained;query.aggregates
query.attachment-stats,Analyst,Measure attachment prevalence and storage impact,A user requests attachment statistics,Optional domain mailbox or period filters,Count average median and quantile over attachment count and size columns,Attachment frequency and size distributions can be reported,should,macOS+iOS,query.aggregates;imap.bodystructure
query.message-size,Analyst,Identify unusually large email sources,A user requests message-size statistics,"Domain, percentile",Bound parameterized quantile and grouped statistics,Large-message patterns can be compared safely,should,macOS+iOS,query.aggregates
query.live-and-history,Analyst,Query recent and archived mail through one API,A query spans the current and earlier months,Constrained query request,Logical dataset merges DuckDB live Parquet archive and corrections,The caller receives one current deduplicated result set,must,macOS+iOS,query.logical-datasets;storage.archive-overlay
content.read-message,App user,Temporarily inspect a complete email body,A user explicitly opens a message,"Account, mailbox, UIDVALIDITY, UID",On-demand raw message fetch and temporary lease,The body is available temporarily without entering the metadata archive,must,macOS+iOS,content.fetch;content.temporary
content.fetch-attachment,App user,Download selected attachments only,A user selects one or more attachments,Message identity and MIME part identifiers,Selective MIME fetch size limit progress and content lease,Only requested attachments are atomically published for temporary use,must,macOS+iOS,content.parts;content.temporary
content.to-markdown,App or automation,Convert an HTML email into Markdown,A caller requests a Markdown representation,Message identity and body selection,On-demand HTML fetch extraction and Markdown conversion,A temporary Markdown artifact is returned,could,macOS+iOS,content.transform;content.markdown
content.cleanup,App or operator,Reclaim space used by downloaded bodies and attachments,A lease expires or cleanup is requested,Lease identifiers and cleanup policy,Explicit release expiry cleanup and abandoned-partial removal,Disposable content is removed without affecting metadata,must,macOS+iOS,content.temporary
export.csv,CLI user,Export filtered metadata for spreadsheet analysis,A constrained query has been defined,Query request and destination,Safe analytical query and CSV serializer,A deterministic CSV file is produced without downloading bodies,must,macOS,export.csv;cli.export;query.constrained
export.json,Developer,Export filtered metadata for another local tool,A constrained query has been defined,Query request and destination,Safe analytical query and JSON serializer,A deterministic machine-readable JSON document is produced,must,macOS+iOS,export.json;query.constrained
archive.month,Operator,Archive a closed month to Parquet,The UTC month closes or a historical range is frozen,Verified DuckDB period and schema versions,Immutable staging write verification atomic publish and manifest commit,Monthly email and processing datasets are durably archived,must,macOS+iOS,storage.monthly-archive;storage.atomicity
archive.retry,Operator,Resume a failed Parquet publication,A write verification or process interruption occurs,Persisted archive batch and manifest,DuckDB exporting snapshot retry and atomic publication,The archive completes without losing or duplicating rows,must,macOS+iOS,storage.atomicity;workflow.retry
archive.correct,App user,Reflect a late flag label move or expunge in an old month,Incremental sync detects a change to archived metadata,Logical key source version and change or tombstone,DuckDB correction overlay merged queries and later compaction,Queries immediately show current state and Parquet is eventually corrected,must,macOS+iOS,storage.archive-overlay;sync.reconcile
automation.monthly,Operator,Run the complete monthly workflow from scripts or launchd,A scheduled command starts after month close,"Account, mailbox, month",Non-interactive CLI deterministic output exit status and resumable workflow,The month is synchronized processed projected verified and archived,must,macOS,cli.sync;cli.automation;workflow.period
diagnostics.audit,Operator,Investigate why an email or period did not complete,A workflow is failed blocked or unexpectedly slow,"Run, task, job, or message identity",Queryable attempts state transitions errors timestamps and progress,The responsible stage and actionable failure are visible,should,macOS+iOS,workflow.audit;library.observability
