datastore_id,layer,technology,physical_scope,logical_contents,authority,mutability,retention_and_lifecycle,primary_input,primary_output,writers,readers,security_and_recovery_notes
secrets.keychain,Secrets,Apple Keychain,OS-managed keychain and configured access group,"Passwords, OAuth tokens, refresh tokens, and credential material",Authoritative for secrets,Mutable,Retain while the account exists and delete explicitly with account removal,Provider authorization,Authenticated IMAP sessions,Account and authentication services,Authentication services and authorized headless CLI or daemon,"Never copy secrets into Core Data, DuckDB, Parquet, logs, or exports; locked or unavailable access fails deterministically"
operational.coredata,Operational,Apple Core Data SQLite store,One application-local persistent store with logical isolation by accountID,"Account configuration, mailboxes, workflow plans/runs/tasks/attempts/dependencies, checkpoints, fetch operations, processing jobs/steps/results, leases, and DuckDB export checkpoints",Operational source of truth,Mutable transactional,Retain active state and reusable results; prune only through explicit versioned retention policies and Core Data migrations,User configuration and workflow subsystem state,DuckDB projections and resumable work,Core Data contexts owned by account workflow processing fetch and exporter services,App CLI scheduler and diagnostic views,Use one NSPersistentContainer with private-queue writer contexts indexed identities and an exclusive process writer lock; account rows are logically isolated and there is no direct SQLite access.
analytics.duckdb.email_live,Hot analytics,DuckDB table group email_metadata_live,One DuckDB database beneath each account folder,Recent normalized email headers metadata and promoted analytical fields following email_metadata_parquet_columns.csv,Replayable downstream projection,Mutable transactional upsert,Keep open-period rows queryable until claimed for verified monthly archival,Durable metadata-fetch results,Email metadata Parquet archive and analytical queries,DuckDBExporter and metadata projector,Library queries CLI exports and Parquet archiver,Upsert by the durable mailbox message key using persisted globally allocated source revisions; Core Data and IMAP remain authoritative.
analytics.duckdb.processing_live,Hot analytics,DuckDB table email_processing_results_live,Same per-account DuckDB database,Stable terminal transformer results and typed analytical columns with transformer-specific JSON,Replayable downstream projection,Mutable transactional upsert,Keep recent rows until claimed for verified monthly archival,Core Data EmailProcessingStep plus ProcessingResultExportState,Processing-result Parquet archive and analytical queries,DuckDBExporter,Library queries CLI exports and Parquet archiver,"Conflict key includes durable message identity, transformerName, and transformerVersion; replay after dual-store commit gaps is safe"
analytics.duckdb.exporting,Archive staging,DuckDB exporting table groups,Same per-account DuckDB database,Immutable email metadata and processing-result snapshots claimed for a specific archive batch,Durable staging copy but not operational authority,Append and delete by transaction,Retain through failures and restarts; delete only after verified Parquet publication and archive-manifest commit,DuckDB live tables,Parquet writer,DuckDB archive coordinator,Parquet writer verifier diagnostics and logical analytical queries,Archive batch IDs and source versions prevent live updates from mutating an in-flight snapshot
analytics.duckdb.archive_manifest,Archive control,DuckDB archive_manifest table,Same per-account DuckDB database,Dataset name archive batch state partition identity schema version expected batch count verified file row count Parquet path digest and commit timestamp,Authoritative local record of downstream archive publication,Transactional state transitions,Retain committed manifests for audit and reconciliation,DuckDB archive coordinator,Archive verification and repair,DuckDB archive coordinator,Workflow coordinator diagnostics and repair tools,Commit manifest and delete exporting rows in one DuckDB transaction
analytics.duckdb.corrections,Archive overlay,DuckDB correction and tombstone table groups,Same per-account DuckDB database,Changes to metadata or processing results discovered after their monthly Parquet partition was sealed,Replayable mutable overlay,Mutable transactional upsert,Retain until atomically compacted into the affected Parquet partition; preserve newer changes arriving during compaction,Incremental sync reconciliation and processing-result corrections,Queries merged with Parquet and later partition compaction,DuckDBExporter sync reconciler and correction projector,Analytical queries and Parquet compactor,Use source versions and tombstones so stale archive data is never returned as current
archive.parquet.email_metadata,Historical analytics,Parquet files on local filesystem,One dataset partition per account mailbox and UTC calendar month,Normalized email headers metadata MIME structure provider fields and derived statistics,Durable historical analytical archive,Immutable between atomic compactions,Retain according to user archive policy; replace only through verified atomic publication or correction compaction,DuckDB immutable exporting batches,Long-term queries CSV or JSON exports and backup,Parquet archiver and compactor,DuckDB query layer CLI and external analytical tools,"Use schema_version, stable core columns, extensions MAP, verified row count, digest, and atomic rename"
archive.parquet.processing_results,Historical analytics,Parquet files on local filesystem,One processing-result dataset partition per account mailbox and UTC calendar month,Stable per-transformer processing results keyed separately from one-row-per-message metadata,Durable historical analytical archive,Immutable between atomic compactions,Retain with the corresponding email-metadata period; replace only through verified correction compaction,DuckDB processing-result exporting batches,Long-term transformer analytics joined to email metadata,Parquet archiver and compactor,DuckDB query layer CLI and external analytical tools,Preserve message join keys transformerName transformerVersion globally allocated sourceVersion and output schema version; use typed core columns and a Parquet MAP of canonical JSON extension values.
filesystem.intermediate,Workflow artifacts,Managed local files beneath each account folder,Per-account versioned work directory,Normalized metadata-fetch results and large transformation outputs referenced by Core Data,Recoverable intermediate checkpoint,Write then publish atomically,Retain while referenced by incomplete or reusable Core Data work; remove only after downstream acknowledgement and retention checks,IMAP fetches and transformers,Email processing and DuckDB projection,IMAP metadata fetcher and processing pipeline,Workflow coordinator transformers and DuckDBExporter,Store only relative locators and integrity fingerprints in Core Data; never place credentials here
filesystem.temporary_content,Disposable content,Managed local files beneath each account temporary-content folder,Per-account leased temporary directory,On-demand raw messages bodies MIME parts inline resources and attachments,Disposable cache,Mutable lease-managed,Delete on explicit release TTL expiry or active-fetch cancellation; while-in-use leases survive only their owning process session; clean up abandoned partial files after restart.,On-demand IMAP content fetch,Caller-controlled short-lived processing,FetchEmailClient,Authorized caller during an active content lease,Never treat as archive or processing source of truth; publish complete artifacts atomically and sanitize filenames
